model-alias,region,city,status,response
"deepseek.r1.0528","us-central1","Iowa","FAIL","404 Not Found"
"deepseek.r1.0528","us-east1","South Carolina","FAIL","404 Not Found"
"deepseek.r1.0528","us-east4","Northern Virginia","FAIL","404 Not Found"
"deepseek.r1.0528","us-east5","Columbus","FAIL","404 Not Found"
"deepseek.r1.0528","us-south1","Dallas","FAIL","404 Not Found"
"deepseek.r1.0528","us-west1","Oregon","FAIL","404 Not Found"
"deepseek.r1.0528","us-west2","Los Angeles","FAIL","404 Not Found"
"deepseek.r1.0528","us-west3","Salt Lake City","FAIL","404 Not Found"
"deepseek.r1.0528","us-west4","Las Vegas","FAIL","404 Not Found"
